Modelo,Risco estimado
Y_val_nb,0.35903250188964475
Y_val_svm,0.18065003779289493
Y_val,0.2781557067271353
Y_val_tree,0.3862433862433862
Y_val_rf,0.009070294784580499
